{"_timestamp":1.779199851954359e+09,"eval/steps_per_second":17.519,"test/f1_feature":0.8043478260869565,"test/loss":0.8340404033660889,"eval/runtime":1.0274,"test/f1_bug":0.9236234458259325,"test/steps_per_second":17.783,"train_loss":0.9402587992199779,"total_flos":3.5635001192448e+14,"test/f1_question":0.32,"test/samples_per_second":540.976,"test/macro_f1":0.7304394199199697,"_runtime":200,"train/loss":0.6972760009765625,"test/runtime":1.0684,"_wandb":{"runtime":200},"train/grad_norm":8.29456901550293,"eval/samples_per_second":560.613,"test/f1_docs":0.8737864077669902,"train_samples_per_second":266.939,"train/global_step":338,"train_runtime":40.3089,"eval/accuracy":0.7465277777777778,"train/learning_rate":1.2401315789473684e-05,"_step":10,"train/epoch":2,"train_steps_per_second":16.771,"test/accuracy":0.8391003460207612,"eval/macro_f1":0.6310205170402903,"eval/loss":1.1689857244491577}