{"test/accuracy":0.8391003460207612,"eval/loss":1.0773026943206787,"test/samples_per_second":198.67,"train/global_step":338,"_wandb":{"runtime":329},"train/learning_rate":1.2401315789473684e-05,"test/runtime":2.9094,"_timestamp":1.7791988523569813e+09,"test/loss":0.8122634887695312,"_runtime":329,"test/f1_docs":0.8737864077669902,"eval/runtime":1.0502,"total_flos":3.5635001192448e+14,"test/f1_bug":0.9125874125874126,"train_loss":0.9583534206864397,"eval/accuracy":0.7621527777777778,"eval/steps_per_second":17.139,"eval/samples_per_second":548.457,"test/f1_question":0.3010752688172043,"train/loss":0.7048990631103516,"test/macro_f1":0.7279062283368579,"train/grad_norm":8.596211433410645,"train_steps_per_second":16.943,"_step":10,"test/steps_per_second":6.531,"train_runtime":39.8983,"train_samples_per_second":269.686,"train/epoch":2,"eval/macro_f1":0.6609843755677483,"test/f1_feature":0.8241758241758241}