{"test/runtime":1.1482,"test/f1_question":0.36,"_runtime":60,"train_samples_per_second":248.097,"_wandb":{"runtime":60},"test/f1_bug":0.925531914893617,"test/steps_per_second":16.547,"total_flos":3.5635001192448e+14,"eval/runtime":1.1581,"train/learning_rate":1.2401315789473684e-05,"eval/steps_per_second":15.542,"train_loss":0.9285532990856283,"test/f1_docs":0.8844884488448845,"test/macro_f1":0.746208794638329,"_timestamp":1.7792046096676831e+09,"eval/accuracy":0.75,"test/samples_per_second":503.385,"train_steps_per_second":15.587,"test/accuracy":0.8477508650519031,"train_runtime":43.3701,"_step":10,"eval/loss":1.0887365341186523,"train/epoch":2,"eval/macro_f1":0.6316206100325874,"train/global_step":338,"train/grad_norm":8.280689239501953,"test/loss":0.7955079078674316,"test/f1_feature":0.8148148148148148,"train/loss":0.6789898681640625,"eval/samples_per_second":497.348}